asset_category,asset_name,holding,market_value,coal,oil_gas,arms,tobacco
UNLISTED INVESTMENTS,3i India Infrastructure C,,20208825,No,No,No,No
Equities,3I INFRASTRUCTURE PLC ORD NPV,7068414,11323599,No,No,No,No
Equities,3M CO COM,94500,10499717,No,No,No,No
Equities,888 HOLDINGS ORD GBP0.005,1093133,1656097,No,No,No,No
Equities,A2A SPA EUR0.52,3336875,2334482,No,No,No,No
Equities,AA PLC NEW ORD GBP0.001 (SUB SHS CLAIMS PURPS),22500,3983,No,No,No,No
Equities,AA PLC ORD GBP0.001,240000,966480,No,No,No,No
Equities,AALBERTS INDS EUR0.25,314566,6653328,No,No,No,No
Equities,ABBOTT LAB COM,188450,5882636,No,No,No,No
Equities,ABBVIE INC COM USD0.01,53800,2120470,No,No,No,No
Equities,ABERTIS INFRAESTR EUR3 SERIE A,225143,2742178,No,No,No,No
Equities,ACACIA MINING PLC ORD GBP0.10,360000,943200,No,No,No,No
Equities,ACCENTURE PLC SHS CL A NEW,48400,3054628,No,No,No,No
Equities,ACE LTD COM STK,104823,7873199,No,No,No,No
Equities,ACS ACTIVIDADES CO EUR0.5,80956,1932508,No,No,No,No
UNLISTED INVESTMENTS,Actis Emerging Markets 3,,10104412,No,No,No,No
UNLISTED INVESTMENTS,Actis IV,,13472550,No,No,No,No
Equities,ADECCO SA CHF1 (REGD),20500,1151610,No,No,No,No
Equities,ADR ALIBABA GROUP HLDG LTD-SP A,21945,1230369,No,No,No,No
Equities,ADR AMBEV SA SPONSORED ADR,921000,3573567,No,No,No,No
Equities,ADR BAIDU INC SPONSORED ADR,84000,11792253,No,No,No,No
Equities,ADR BANCO BRADESCO S A SPONSORED ADR REPSTG PFD SHS NEW 2004,312216,1953848,No,No,No,No
Equities,ADR BITAUTO HLDGS LTD SPONSORED ADS ADR,48611,1666102,No,No,No,No
Equities,ADR CPFL ENERGIA S A SPONSORED ADR,173100,1483215,No,No,No,No
Equities,ADR FOMENTO ECONOMICO MEXICANA SAB DE CV,30800,1940120,No,No,No,No
Equities,ADR GRUPO FINANCIERO SANTANDER MEX S A BDE C V SPONSORED ADR REPSTG SHS SER B,269800,1982835,No,No,No,No
Equities,ADR HDFC BK LTD ADR REPSTG 3 SHS,142600,5656931,No,No,No,No
Equities,ADR ICICI BK LTD,413900,2888517,No,No,No,No
Equities,ADR MINDRAY MED INTL LTD SPONSORED ADR REPSTG CL A,189622,3490986,No,No,No,No
Equities,ADR OAO GAZPROM LEVEL 1 ADR,79798,253451,No,Yes,No,No
Equities,ADR PHILIPPINE LONG DISTANCE TEL CO SPONSORED ADR,67300,2832992,No,No,No,No
Equities,ADR SBERBANK RUSSIA SPONSORED ADR,485153,1424902,No,No,No,No
Equities,ADR TATA MTRS LTD SPONSORED ADR,49400,1499138,No,No,No,No
Equities,ADR TEVA PHARMACEUTICAL INDS,52960,2222215,No,No,No,No
Equities,ADR VALE S A ADR,63700,242013,Yes,No,No,No
Equities,ADR VALE S A ADR REPSTG PFD PREF ADR,309700,1007646,Yes,No,No,No
Equities,ADR WIPRO LTD SPONSORED ADR REPSTG 1 SH SPONSORED ADR REPSTG 1 SH COM,442000,3968919,No,No,No,No
Equities,ADV MED SOLUTIONS ORD GBP0.05,287356,386494,No,No,No,No
Equities,ADVANCED INFO SERV THB1(ALIEN MKT),163800,803645,No,No,No,No
Equities,ADVANCED INFO SERV THB1(NVDR),667600,3275420,No,No,No,No
Equities,AFLAC INC COM,227679,9815733,No,No,No,No
Equities,AGGREKO ORD GBP0.048329113924,169654,2590617,No,No,No,No
Equities,AGL ENERGY NPV,540988,4231711,Yes,Yes,No,No
Equities,AGL RES INC COM,128700,4302715,Yes,Yes,No,No
Equities,AIA GROUP LTD NPV,479800,2032273,No,No,No,No
Equities,AIR LIQUIDE(L') EUR5.50,47264,4096485,No,No,No,No
Equities,AJINOMOTO CO INC NPV,421000,6230033,No,No,No,No
Equities,AKASTOR ASA NOK0.592,127262,172431,No,No,No,No
Equities,AKER SOLUTIONS ASA,127262,444853,No,No,No,No
UNLISTED INVESTMENTS,Alinda Fund I,,9182732,No,No,No,No
UNLISTED INVESTMENTS,Alinda Fund II,,12740882,No,No,No,No
Equities,ALLIANCE DATA SYS CORP COM,27300,5448230,No,No,No,No
Equities,ALLIANT ENERGY CORP COM,116400,4939061,No,No,No,No
Equities,ALLIANZ SE (SE SOCIETAS EUROPEAE),30600,3586415,No,No,No,No
Equities,ALLSTATE CORP COM,100000,4792186,No,No,No,No
Equities,ALTRIA GROUP INC COM,708735,23880717,No,No,No,No
Equities,AMAZON COM INC COM,9724,2437387,No,No,No,No
Equities,AMCOR LIMITED NPV,2338000,16892594,No,No,No,No
Equities,AMDOCS ORD GBP0.01,210382,7708102,No,No,No,No
Equities,AMER ELEC PWR CO INC COM,159533,6046027,No,No,No,No
Equities,AMER FINL GROUP INC OH COM STK,108000,4666298,No,No,No,No
Equities,AMEREN CORP COM,360900,10256902,No,No,No,No
Equities,AMERICAN EXPRESS CO,89478,4708671,No,No,No,No
Equities,AMERICAN WTR WKS CO INC NEW COM,142200,5192767,No,No,No,No
Equities,AMERISOURCEBERGEN CORP COM,85200,6523295,No,No,No,No
Equities,AMGEN INC COM,17759,1910722,No,No,No,No
Equities,AMMB HOLDINGS BHD MYR1,2507000,2891020,No,No,No,No
Equities,ANALOG DEVICES INC COM,242200,10278612,No,No,No,No
Equities,ANDRITZ AG NPV (BR),47417,1908047,No,No,No,No
Equities,ANHEUSER-BUSCH INBEV NV,90000,7409840,No,No,No,No
Equities,ANNALY CAP MGMT INC COM,590400,4144135,No,No,No,No
Equities,ANTHEM INC COM,49291,5129319,No,No,No,No
Equities,AON PLC COM,73000,4724715,No,No,No,No
Equities,APPLE INC COM STK,22980,1926017,No,No,No,No
Equities,APPLIED MATERIALS INC COM,308400,4686766,No,No,No,No
Equities,ARCADIS NV COMSTK,96767,2092207,No,No,No,No
Equities,ARCOS DORADOS HOLDINGS INC COM NPV CL 'A',42675,142010,No,No,No,No
Equities,ASAHI KASEI CORP NPV,760000,4902918,No,No,No,No
Equities,ASHTEAD GROUP ORD GBP0.10,607966,6584272,No,No,No,No
Equities,ASML HOLDING NV EUR0.09,56547,3876669,No,No,No,No
Equities,ASSOCD BRIT FOODS ORD GBP0.0568,160271,4516437,No,No,No,No
Equities,ASSURA PLC ORD GBP0.10,1200000,738000,No,No,No,No
Equities,ASTELLAS PHARMA NPV,506000,5592105,No,No,No,No
UNLISTED INVESTMENTS,Astorg IV,,7234759,No,No,No,No
Equities,ASTRA INTL IDR50,11657800,5105210,No,No,No,No
Equities,ASTRAZENECA ORD USD0.25,537419,24858316,No,No,No,No
Equities,ASUSTEK COMPUTER TWD10,324000,2197201,No,No,No,No
Equities,AT&T INC COM,950000,20900640,No,No,No,No
Equities,ATLAS COPCO AB SER'B'NPV,79538,1583006,No,No,No,No
Equities,ATMOS ENERGY CORP COM,158460,5899686,No,No,No,No
Equities,AUTO TRADER GROUP PLC,2063484,5194821,No,No,No,No
Equities,AUTOMATIC DATA PROCESSING INC COM,74800,4314164,No,No,No,No
Equities,AUTOZONE INC COM,6944,3191714,No,No,No,No
Equities,AVEVA GROUP ORD GBP0.03556,55625,823250,No,No,No,No
Equities,AXA EUR2.29,133200,2260288,No,No,No,No
Equities,AZIMUT HLDG S.P.A NPV,208500,4004928,No,No,No,No
Equities,BABCOCK INTL GROUP ORD GBP0.60,1038561,10219440,No,No,No,No
Equities,BAE SYSTEMS ORD GBP0.025,847538,4432624,No,No,Yes,No
Fixed Income,BAILLIE GIFFORD & CO ACTV IDX LKD GLT PLS C ACC,13592332,28448751,No,No,No,No
Fixed Income,BAILLIE GIFFORD INV GRADE BD C GROSS ACC,14464012,27380376,No,No,No,No
Equities,BANK HAPOALIM B.M. ILS1,1810000,5868370,No,No,No,No
Equities,BANK OF AMERICA CORP,644200,6678503,No,No,No,No
Equities,BANK OF IRELAND ORD STK EUR0.1,4699528,1198498,No,No,No,No
Equities,BANK OF MONTREAL COM NPV,91000,3673166,No,No,No,No
Equities,BANK RAKYAT INDONESIA PERSER,13773600,9402459,No,No,No,No
Equities,BARRATT DEVELOPMENTS ORD GBP0.10,1228879,6488481,No,No,No,No
Equities,BASF - ORD SHS COMSTK,281209,18859624,No,Yes,No,No
Equities,BAXTER INTL INC COM,112500,5189626,No,No,No,No
Equities,BCE INC COM NPV,788582,22489939,No,No,No,No
Equities,BCO BRADESCO SA PRF NPV,254556,1591307,No,No,No,No
Equities,BECTON DICKINSON & CO COM,109200,10562498,No,No,No,No
Equities,BEIERSDORF AG EUR1,59216,3465865,No,No,No,No
Equities,BEIJING ENTERPRISE NPV,412500,2184464,No,No,No,No
Equities,BELGACOM SA NPV,102768,2420470,No,No,No,No
Equities,BELLE INTERNATIONA HKD0.01,3576000,2805643,No,No,No,No
Equities,BELLWAY GBP0.125,180879,3583213,No,No,No,No
Equities,BEMIS CO INC COM,171900,5361381,No,No,No,No
Equities,BERKLEY GP HOLDINGS,213598,5634715,No,No,No,No
Equities,BERKLEY W R CORP COM,136200,4631442,No,No,No,No
Equities,BETFAIR GROUP PLC ORD GBP0.00095,99752,2226465,No,No,No,No
Equities,BIDVEST GROUP ZAR0.05,101100,1839764,No,No,No,No
Equities,BIG YELLOW GROUP (PLACING) ORD GBP0.10,53156,344185,No,No,No,No
Equities,BK MANDIRI IDR500,2563500,1634394,No,No,No,No
Equities,BK OF NOVA SCOTIA COM NPV,223699,7560071,No,No,No,No
Equities,BM&FBOVESPA SA COM NPV,214700,504100,No,No,No,No
Equities,BNP PARIBAS EUR2,194200,7946625,No,No,No,No
Equities,BODYCOTE PLC ORD GBP0.1727272,380272,2730353,No,No,No,No
Equities,BOOKER GROUP ORD GBP0.01,1674025,2439054,No,No,No,No
Equities,BOUYGUES EUR1,711843,18807847,No,No,No,No
Equities,BOVIS HOMES GROUP GBP0.50,255000,2376600,No,No,No,No
Equities,BP ORD USD0.25,2769808,12095752,No,Yes,No,No
Equities,BRAMBLES LTD NPV,186929,1107227,No,No,No,No
Equities,BRENNTAG AG NPV,66300,2666935,No,No,No,No
Equities,BRINKER INTL INC COM,142800,5921703,No,No,No,No
Equities,BRISTOL MYERS SQUIBB CO COM,523880,22762048,No,No,No,No
Equities,BRITISH AMERICAN TOBACCO ORD GBP0.25,654777,22841896,No,No,No,Yes
Equities,BROOKFIELD ASSET LIMITED VTG SHARES CLASS A,136000,4900030,No,No,No,No
Equities,BT GROUP ORD GBP0.05,5563874,24369768,No,No,No,No
Equities,BTG ORD GBP0.10,600000,4287000,No,No,No,No
Equities,BUNZL PLC ORD GBP0.32142857,146168,2676336,No,No,No,No
Equities,BURBERRY GROUP ORD GBP0.0005,171987,2980535,No,No,No,No
Equities,BUREAU VERITAS EUR0.12,122800,1774192,No,No,No,No
Equities,C H ROBINSON WORLDWIDE INC COM NEW COM NEW,20930,1031908,No,No,No,No
Equities,CAMPBELL SOUP CO COM,450300,14117186,No,No,No,No
Equities,CANADIAN IMP BANK COM NPV,72000,3515522,No,No,No,No
Equities,CANADIAN TIRE LTD CLASS'A'CUM NON-VTG COM NPV,103356,7093180,No,No,No,No
Equities,CANDOVER INVSTMNTS PLC GBP0.25,72466,227543,No,No,No,No
Equities,CANON INC NPV,677500,16158438,No,No,No,No
Equities,CAPE ORD GBP0.25,188179,469507,No,No,No,No
Equities,CAPITA PLC ORD GBP0.02066666,734293,8194710,No,No,No,No
Equities,CARDINAL HLTH INC,93200,5667339,No,No,No,No
Equities,CARETECH HOLDINGS ORD GBP0.005,160000,380800,No,No,No,No
Equities,CARLSBERG SER'B'DKK20,17538,973184,No,No,No,No
UNLISTED INVESTMENTS,Carlyle Europe Real Estate Master Co-Investment III LP,,25000000,No,No,No,No
UNLISTED INVESTMENTS,Carlyle Infrastructure Partners,,20208825,No,No,No,No
Equities,CARMAX INC COM,41476,1926140,No,No,No,No
Equities,CASINO GUICH-PERR EUR1.53,27000,1612129,No,No,No,No
Equities,CASTLE STREET INVESTMENTS PLC ORD GBP0.025,495000,108900,No,No,No,No
Equities,CATERPILLAR INC COM,71000,3827161,No,No,No,No
Equities,CATLIN GROUP COM STK USD0.01,649400,4604246,No,No,No,No
Equities,CCR SA COM NPV,732800,2517518,No,No,No,No
Equities,CDN NATL RAILWAYS COM NPV,107400,4840120,No,No,No,No
Equities,CDN UTILITIES CLASS'A'COM NON-VTG NPV,176600,3733726,No,No,No,No
Equities,CENTERPOINT ENERGY INC COM,639600,8785075,No,No,No,No
Equities,CENTRICA ORD GBP0.061728395,7409894,18747032,No,Yes,No,No
Equities,CENTURYLINK INC COM,195600,4548408,No,No,No,No
Equities,CETIP SA MERCADOS ORGANIZADOS,427278,2868266,No,No,No,No
Equities,CF INDS HLDGS INC COM,20440,3906525,No,No,No,No
Equities,CGI GROUP INC 'A'SUB-VTG NPV,50600,1445507,No,No,No,No
Equities,CHESAPEAKE ENERGY CORP COM,173500,1653772,No,Yes,No,No
Equities,CHEUNG KONG INFSTR HKD1,60000,345630,No,No,No,No
Equities,CHEVRON CORP COM,86000,6083436,No,Yes,No,No
Equities,CHINA MOBILE LTD HKD0.10,4129882,36241506,No,No,No,No
Equities,CHINA PAC INS GR-H,1507200,4812552,No,No,No,No
Equities,CHINA RES PWR HLDG NPV,2060000,3479451,Yes,No,No,No
Equities,CHINA RESOURCE ENTERPRISE HKD1,460000,607503,Yes,No,No,No
Equities,CHINA RESOURCES LAND HKD0.10,2798222,5336591,Yes,No,No,No
Equities,CHINA SHENHUA ENERGY CO 'H',753500,1294961,Yes,No,No,No
Equities,CHR. HANSEN HLDG DKK10,59729,1845747,No,No,No,No
Equities,CHUBB CORP COM,61700,4202001,No,No,No,No
Equities,CIA BRASILEIRA PAO DE ACUCAR P ACUCAR-CBD,98700,1985604,No,No,No,No
Equities,CIELO SA COM NPV,185880,1790001,No,No,No,No
Equities,CIMPRESS N.V CMN STK,32997,1874461,No,No,No,No
Equities,CIN FNCL CORP COM,113500,4072849,No,No,No,No
Equities,CISCO SYSTEMS INC,192264,3564234,No,No,No,No
Equities,CITIGROUP INC COM NEW COM NEW,178100,6182212,No,No,No,No
Equities,CK HUTCHISON NPV,177000,2443680,No,No,No,No
Equities,CLOROX CO COM,76400,5681237,No,No,No,No
Equities,CLOSE BROS GROUP ORD GBP0.25,273092,4257504,No,No,No,No
Equities,CLP HOLDINGS NPV,1682000,9879158,Yes,No,No,No
Equities,CME GROUP INC COM STK,47000,2998565,No,No,No,No
Equities,CMS ENERGY CORP COM,226300,5317173,No,No,No,No
Equities,CNH INDUSTRIAL NV COM EUR0.01,1284400,7076105,No,No,No,No
Equities,COACH INC COM,147000,4102533,No,No,No,No
UNLISTED INVESTMENTS,"Cobalt Project Investments, L.P.",,15000000,No,No,No,No
Equities,COCA COLA CO COM,347900,9503095,No,No,No,No
Equities,COCA-COLA AMATIL NPV,1896643,10521777,No,No,No,No
Equities,COCA-COLA ENTERPRISES INC NEW COM,186300,5546959,No,No,No,No
Equities,COCA-COLA HBC AG ORD (CDI),89950,1092893,No,No,No,No
Equities,COLGATE-PALMOLIVE CO COM,214473,10016445,No,No,No,No
Equities,COMCAST CORP NEW-CL A,32532,1236852,No,No,No,No
Equities,COMPASS GROUP PLC ORD GBP0.10625,845781,9904096,No,No,No,No
Equities,COMPUTACENTER ORD GBP0.075555,157696,1074698,No,No,No,No
Equities,CONAGRA FOODS INC,183200,4509349,No,No,No,No
Equities,CONOCOPHILLIPS COM,176000,7380263,No,Yes,No,No
Equities,CONS EDISON INC COM,133105,5468558,Yes,Yes,No,No
Equities,COSTCO WHOLESALE CORP NEW COM,47900,4886800,No,No,No,No
Equities,CRANSWICK ORD GBP0.10,63000,864990,No,No,No,No
Equities,CREDICORP LTD COM STK,15891,1504105,No,No,No,No
Equities,CREDIT ACCEP CORP MICH COM,15154,1986914,No,No,No,No
Equities,CREDIT AGRICOLE SA EUR3,229500,2270566,No,No,No,No
Equities,CREDIT SUISSE AG CHF0.04(REGD),660767,11997325,No,No,No,No
Equities,CREST NICHOLSON HL ORD GBP0.05,520000,2208960,No,No,No,No
Equities,CRH PLC EQUITY,104276,1823787,No,No,No,No
UNLISTED INVESTMENTS,Crimson Project Investments L.P.,,9510000,No,No,No,No
Equities,CSX CORP COM,26664,594709,No,No,No,No
UNLISTED INVESTMENTS,"CVC Capital Partners Asia Pacific III, L.P.",,13472550,No,No,No,No
Equities,CVS HEALTH CORP COM,45295,3149139,No,No,No,No
Equities,CYBERAGENT INC,22900,883695,No,No,No,No
Equities,DAIMLER AG COM,107539,6979606,No,No,No,No
Equities,DAITO TRUST CONST NPV,14400,1085488,No,No,No,No
Equities,DAIWA SECS GROUP INC,1130000,6003269,No,No,No,No
UNLISTED INVESTMENTS,Dalmore Capital Fund,,25000000,No,No,No,No
Equities,DANAHER CORP COM,79800,4562765,No,No,No,No
Equities,DANONE EUR0.25,154980,7021224,No,No,No,No
Equities,DEUTSCHE BOERSE AG NPV(REGD),56070,3085396,No,No,No,No
Equities,DEUTSCHE POST AG NPV(REGD),1073484,22600219,No,No,No,No
Equities,DIAGEO ORD PLC,478022,8888819,No,No,No,No
Equities,DIAMOND OFFSHORE DRILLING INC COM,344961,6218361,No,Yes,No,No
Equities,DIPLOMA ORD GBP0.05,344729,2756108,No,No,No,No
Equities,DISTRIBUIDORA INTL DE ALIMENTACION EUR0.01,188884,995654,No,No,No,No
Equities,DOLBY LABORATORIES INC CL A COM STK,45704,1174850,No,No,No,No
Equities,DOLLAR TREE INC COM STK,6148,336038,No,No,No,No
Equities,DOMINION RES INC VA NEW COM,92400,4410552,No,No,No,No
Equities,DOMINO'S PIZZA GRP PLC GBP0.015625,375000,2908125,No,No,No,No
Equities,DR PEPPER SNAPPLE GROUP INC COM STK,105700,5588678,No,No,No,No
Equities,DRAGON OIL ORD EUR0.10,78337,463658,No,Yes,No,No
Equities,DTE ENERGY CO COM,89800,4878659,No,No,No,No
Equities,DUKE ENERGY CORP NEW COM NEW COM NEW,85800,4434782,No,No,No,No
Equities,EAST JAPAN RAILWAY CO NPV,57500,3113544,No,No,No,No
Equities,EASYJET ORD GBP0.27285714,252661,4755080,No,No,No,No
Equities,EBAY INC COM USD0.001,100944,3922162,No,No,No,No
Equities,EBRO FOODS SA EUR0.60,480100,6026363,No,No,No,No
Equities,ECOLAB INC COM,161500,12444584,No,No,No,No
Equities,ECORODOVIAS INFRA COM NPV,372200,704453,No,No,No,No
Equities,EDENRED EUR2,141794,2379961,No,No,No,No
Equities,EDF EUR0.5,1037872,16770802,No,No,No,No
Equities,EDISON INTL COM,131100,5517769,No,No,No,No
Equities,EISAI CO NPV,153600,7362985,No,No,No,No
UNLISTED INVESTMENTS,EISER GIF (Global Infrastructure Fund),,11530759,No,No,No,No
Equities,ELECTRA PRIVATE EQ ORD GBP0.25,102000,3223200,No,No,No,No
Equities,ELECTROLUX AB SER'B'NPV (POST SPLIT),124712,2408049,No,No,No,No
Equities,ELI LILLY & CO COM,612372,29968896,No,No,No,No
Equities,EMAAR MALLS GROUP AED1,3991753,2137751,No,No,No,No
Equities,EMC CORP COM,209539,3605002,No,No,No,No
Equities,EMERSON ELECTRIC CO COM,43811,1670396,No,No,No,No
Equities,EMIS GROUP PLC ORD GBP0.01,17326,148830,No,No,No,No
Equities,EMPIRE CO CLASS'A'N/VTG COM NPV,84000,3945516,No,No,No,No
Equities,ENAGAS SA EUR1.50,223140,4299052,No,Yes,No,No
Equities,ENBRIDGE INC COM NPV,146600,4757180,No,No,No,No
Equities,ENERGIAS DE PORTUGAL SA EUR1(REGD),394091,993627,No,No,No,No
Equities,ENERGY ASSETS GROU ORD GBP0.01,23941,107735,No,No,No,No
Equities,ENERSIS S.A ADR,186900,2047150,No,No,No,No
Equities,ENI SPA EUR1,1076021,12556806,No,Yes,No,No
Equities,ENTERGY CORP NEW COM,128580,6709200,No,No,No,No
Equities,EOG RESOURCES INC COM,25007,1544050,No,Yes,No,No
Equities,ESSILOR INTL EUR0.18,57104,4410202,No,No,No,No
Equities,ETABLISSEMENTEN COLRUYT ORDSHR,106130,3112763,No,No,No,No
Commodities,ETFS METAL SECURIT ETFS PHYSICAL GOLD (USD),205000,15897339,No,No,No,No
UNLISTED INVESTMENTS,European Clean Energy Fund LP,,10852139,No,No,No,No
UNLISTED INVESTMENTS,European Property Growth Fund,,21704278,No,No,No,No
UNLISTED INVESTMENTS,European Strategic Partners 2008 'A',,10852139,No,No,No,No
UNLISTED INVESTMENTS,European Strategic Partners II 'D',,15627080,No,No,No,No
UNLISTED INVESTMENTS,"European Strategic Partners, 2000 'C'",,13167262,No,No,No,No
Equities,EVEREST RE GROUP COM,46500,5448127,No,No,No,No
Equities,EVERSOURCE ENERGY COM,145900,4965219,No,No,No,No
Equities,EVRAZ GROUP SA ORD USD1,1170000,2194920,Yes,No,No,No
Equities,EXELON CORP COM,704306,15945924,No,No,No,No
Equities,EXPERIAN ORD USD0.10,400341,4471809,No,No,No,No
Equities,EXXON MOBIL CORP COM,64100,3667669,No,Yes,No,No
Equities,FACEBOOK INC CL A CL A,13727,760186,No,No,No,No
Equities,FAIRFAX FINL HLDGS SUB-VTG COM NPV,3340,1257484,No,No,No,No
Equities,FERREXPO PLC ORD GBP0.10,1181036,744053,No,No,No,No
Equities,FIAT CHRYSLER AUTOMOBILES NV,94026,1030587,No,No,No,No
Equities,FIBRA UNO ADMINISTRACION SA REAL ESTATE INVEST TRUST,2064000,3677102,No,No,No,No
Equities,FIDELITY NATL INFORMATION SVCS INC COM STK,378903,17371599,No,No,No,No
Equities,FINANCIAL ENGINES INC COM,28383,799580,No,No,No,No
Equities,FIRST REP BK SAN FRANCISCO CALIF NEW COM,50295,1933537,No,No,No,No
Equities,FLIR SYS INC COM,63170,1331059,No,No,No,No
Equities,FLUGHAFEN ZURICH AG CHF50.00 (REGD),11700,6191228,No,No,No,No
Equities,FORTIS INC COM NPV,203800,4180887,No,No,No,No
Equities,FORTUM OYJ EUR3.40,999154,14131989,No,No,No,No
Equities,FOXTONS GROUP PLC ORD GBP0.01,615858,1264049,No,No,No,No
Equities,FRESENIUS MEDICAL CARE NPV,86297,4841117,No,No,No,No
Equities,FRKLN RES INC COM,139600,4826051,No,No,No,No
Equities,FUGRO NV CVA EUR0.05,132190,2388038,No,No,No,No
Equities,GAZPROM SPON ADR EA REP 2 ORD SHS,405823,1298524,No,Yes,No,No
Equities,GDF SUEZ EUR1,65486,871984,No,Yes,No,No
Equities,GDR AXIS BK LTD SPONSORED GDR REG S,45404,1368696,No,No,No,No
Equities,GEM DIAMONDS ORD USD0.01 (DI),310954,427562,No,No,No,No
Equities,GEMALTO EUR1,26708,1431998,No,No,No,No
Equities,GEN MTRS CO COM,291700,7366678,No,No,No,No
Equities,GENERAL DYNAMICS CORP COM,58500,5349134,No,No,Yes,No
Equities,GENERAL MILLS INC COM,295348,11260826,No,No,No,No
Equities,GENTING MALAYSIA B MYR0.10,2098400,1599226,No,No,No,No
Equities,GENUINE PARTS CO COM,73400,4608205,No,No,No,No
Equities,GEORGE WESTON COM NPV,79900,4263330,No,No,No,No
UNLISTED INVESTMENTS,"GFP New Zealand Properties III, LLC",,5552398,No,No,No,No
Equities,GIVAUDAN AG CHF10,4295,5248504,No,No,No,No
Equities,GLAXOSMITHKLINE ORD GBP0.25,1423095,21993933,No,No,No,No
Equities,GLOBAL PMTS INC COM,14963,923987,No,No,No,No
UNLISTED INVESTMENTS,"Global Rights Fund II, L.P.",,4041765,No,No,No,No
UNLISTED INVESTMENTS,GMO Forestry Fund 9,,16840687,No,No,No,No
Equities,GOALS SOCCER CENTR ORD GBP0.0025,164474,361843,No,No,No,No
Equities,GOOGLE INC CL A,25741,9618412,No,No,No,No
Equities,GOOGLE INC COM USD0.001 CL'C',35319,13037933,No,No,No,No
Equities,GPE BRUXELLES LAM NPV,68031,3794769,No,No,No,No
Equities,GPO MEXICO SA SER'B'COM NPV,1262000,2510022,No,No,No,No
Equities,GRAINGER W W INC COM,43000,6827572,No,No,No,No
Equities,GREGGS ORD GBP0.02,150000,1530000,No,No,No,No
Equities,GRUPO FINANCIERO BANORTE S A B DE C V,760000,2972084,No,No,No,No
UNLISTED INVESTMENTS,GS Vintage IV,,23576962,No,No,No,No
UNLISTED INVESTMENTS,GS Vintage V,,11788481,No,No,No,No
UNLISTED INVESTMENTS,GTI 7 Institutional Investors Co. Ltd,,16431617,No,No,No,No
Equities,GUDANG GARAM TBK IDR500,130000,341412,No,No,No,No
Equities,HALYARD HEALTH INC COM,6937,229909,No,No,No,No
Equities,HANG SENG BANK NPV,368300,4479989,No,No,No,No
Equities,HANKYU HANSHIN HOLDINGS INC NPV,1087000,4530473,No,No,No,No
Equities,HARBOURVEST GLOBAL PRIVATE EQUITY ORD RED A,4571079,41569260,No,No,No,No
Fixed Income,HARBOURVEST SENIOR ORD NPV,12565654,109321,No,No,No,No
Equities,HARGREAVES LANSDOW ORD GBP0.004,493507,5685201,No,No,No,No
Equities,HARLEY DAVIDSON COM USD0.01,239598,9801810,No,No,No,No
Equities,HASBRO INC COM,83800,3569332,No,No,No,No
Equities,HAYS PLC ORD GBP0.01,475239,725215,No,No,No,No
Equities,HCP INC COM REIT,32963,959469,No,No,No,No
Equities,HEALTH NET INC COM,152100,6196705,No,No,No,No
Equities,HEINEKEN NV EUR1.60,56089,2881924,No,No,No,No
Equities,HELLERMANNTYTON GR ORD EUR0.01,500000,1671500,No,No,No,No
UNLISTED INVESTMENTS,Henderson PFI Secondary Fund LP,,8000000,No,No,No,No
Equities,HENGAN INTL HKD0.10,1235300,9981656,No,No,No,No
Equities,HERBALIFE LTD COM STK,43067,1240515,No,No,No,No
Equities,HESS CORP COM STK,73800,3374069,No,Yes,No,No
Equities,HEWLETT PACKARD CO COM,139900,2936534,No,No,No,No
Equities,HEXAGON AB SER'B'NPV,120395,2881415,No,No,No,No
Equities,HG CAPITAL TRUST ORD GBP0.25,447623,5058140,No,No,No,No
UNLISTED INVESTMENTS,Hg RPP2 (Hg Capital Renewable Power Partners 2),,10852139,No,No,No,No
Equities,HICL INFRASTRUCTURE COMPANY LIMITED ORD GBP0.0001,15919994,24914791,No,No,No,No
Equities,HIKMA PHARMACEUTIC ORD GBP0.10,118214,2516776,No,No,No,No
Equities,HIROSE ELECTRIC NPV,47040,4103447,No,No,No,No
Equities,HOLCIM LTD CHF2 (REGD),69000,3474179,No,No,No,No
Equities,HOMESERVE ORD GBP0.025,418502,1598678,No,No,No,No
Equities,HON HAI PRECISION TWD10,1777160,3504582,No,No,No,No
Equities,HONEYWELL INTL INC COM STK,79000,5549956,No,No,Yes,No
Equities,HONG KONG & CHINA GAS HKD0.25,2803900,4355894,No,Yes,No,No
Equities,HORMEL FOODS CORP COM,133500,5110680,No,No,No,No
Equities,HOWARD HUGHES CORP COM STOCK,6300,657882,No,No,No,No
Equities,HOWDEN JOINERY GR ORD GBP0.10,780000,3459300,No,No,No,No
Equities,HSBC HLDGS ORD USD0.50(UK REG),950800,5456641,No,No,No,No
Equities,HUSKY ENERGY INC COM NPV,773764,10638580,No,Yes,No,No
Equities,HYUNDAI MOBIS KRW5000,21077,3148154,No,No,No,No
Equities,IG GROUP HLDGS ORD GBP0.00005,1621996,11499952,No,No,No,No
Equities,IGM FINANCIAL INC COM NPV,167000,3997975,No,No,No,No
Equities,ILL TOOL WKS INC COM,83700,5477008,No,No,No,No
Equities,IMMOEAST ENTITL COMSTK,23194,0,No,No,No,No
Equities,IMPERIAL TOBACCO GBP0.10,677271,20067540,No,No,No,Yes
Equities,INCITEC PIVOT NPV,3281460,6872999,No,No,No,No
Equities,INDIVIOR PLC ORD USD0.10,255406,484505,No,No,No,No
Equities,INFOSYS LIMITED ADR,205444,4854817,No,No,No,No
Equities,INGENICO EUR1,60160,4452537,No,No,No,No
Equities,INPEX CORPORATION NPV,180500,1343393,No,Yes,No,No
Equities,INTACT FINL CORP COM NPV,99000,5012347,No,No,No,No
Equities,INTEL CORP COM,352300,7420964,No,No,No,No
Equities,INTERCONTINENTAL EXCHANGE INC COM,27200,4271930,No,No,No,No
Equities,INTERNATIONAL BUSINESS MACHS CORP COM,92459,9996409,No,No,No,No
Equities,INTERPUBLIC GROUP COMPANIES INC COM,467000,6955453,No,No,No,No
Equities,INTERTEK GROUP ORD GBP0.01,276843,6910001,No,No,No,No
Equities,INTUITIVE SURGICAL INC COM NEW STK,1063,361613,No,No,No,No
Equities,ITRON INC COM STK NPV,73600,1809633,No,No,No,No
Equities,ITV ORD GBP0.10,1226639,3100943,No,No,No,No
Equities,JAPAN EXCHANGE GROUP INC NPV,34600,677312,No,No,No,No
Equities,JARDINE MATHESON HLDGS USD0.25(SING QUOTE),20800,885524,No,No,No,No
Equities,JOHNSON & JOHNSON COM USD1,185843,12592757,No,No,No,No
Equities,JOHNSON MATTHEY ORD GBP 1.047619,32036,1084419,No,No,No,No
Equities,JULIUS BAER GRUPPE CHF0.02 (REGD),277155,9372444,No,No,No,No
Equities,JYSKE BANK A/S DKK10,4032,114328,No,No,No,No
Equities,KAISER ALUM CORP COM PAR $0.01 COM PAR $0.01,110500,5723372,No,No,No,No
Equities,KAMIGUMI CO LTD NPV,56000,357021,No,No,No,No
Equities,KAO CORP NPV,182600,6153040,No,No,No,No
Equities,KAZMUNAIGAS EXPLOR GDR EACH REPR 1/6 ORD'REGS',124167,1028800,No,Yes,No,No
Equities,KDDI CORP NPV,335400,5125330,No,No,No,No
Equities,KELLOGG CO COM USD0.25,148100,6580449,No,No,No,No
Equities,KEPCO PLANT SERVICE & ENGINEERING CO LTDKRW200,42606,2522246,No,No,No,No
Equities,KERRY GROUP 'A'ORD EUR0.125,114973,5191276,No,No,No,No
Equities,KIMBERLY-CLARK CORP COM,55500,4005197,No,No,No,No
UNLISTED INVESTMENTS,KKR 2006 Fund (Overseas) LTD,,30313237,No,No,No,No
UNLISTED INVESTMENTS,"KKR Atlanta Co-Invest, L.P.",,8392321,No,No,No,No
UNLISTED INVESTMENTS,"KKR European Infrastructure Investors II, L.P.",,18086898,No,No,No,No
UNLISTED INVESTMENTS,KKR European Infrastructure Ltd,,18086898,No,No,No,No
UNLISTED INVESTMENTS,"KKR Selena Co-Invest, L.P.",,20100000,No,No,No,No
Equities,KLABIN SA UNITS (1 COM & 4 PRF) COM UNIT,597000,2288793,No,No,No,No
Equities,KOHLS CORP COM,120815,6368322,No,No,No,No
Equities,KONINKLIJKE AHOLD,304313,4038893,No,No,No,No
Equities,KONINKLIJKE PHILIP EUR0.20,207818,3969275,No,No,No,No
Equities,KROGER CO COM,240100,12400449,No,No,No,No
Equities,KUEHNE&NAGEL INTL CHF1 (REGD),22200,2224781,No,No,Yes,No
Equities,L-3 COMMUNICATIONS HLDG CORP COM,58100,4922356,No,No,No,No
Equities,L'OREAL EUR0.20,35697,4420106,No,No,No,No
Equities,LAB CORP AMER HLDGS COM NEW,38400,3260314,No,No,No,No
Equities,LARSEN & TOUBRO SPON GDR EA REPR 1 ORD REG,92096,1712260,No,No,No,No
Equities,LEGRAND SA EUR4,38697,1408496,No,No,No,No
Equities,LEUCADIA NATL CORP COM,41100,616846,No,No,No,No
Equities,LEXMARK INTL INC NEW CL A,121200,3456792,No,No,No,No
Equities,LG CHEMICAL KRW5000,35284,4841705,No,No,No,No
Equities,LINCOLN ELEC HLDGS INC COM,25229,1110790,No,No,No,No
Equities,LIVE NATION ENTERTAINMENT INC,147400,2504162,No,No,No,No
Equities,LOCKHEED MARTIN CORP COM,334101,45693854,No,No,Yes,No
Equities,LOEWS CORP COM,126500,3476726,No,No,No,No
Equities,LONDON STOCK EXCHANGE GROUP ORD GBP0.06918604,344518,8457917,No,No,No,No
Equities,LUKOIL OIL COMPANY SPON ADR,101172,3152041,No,Yes,No,No
Equities,M & T BK CORP COM,20591,1761297,No,No,No,No
UNLISTED INVESTMENTS,"Macquarie European Infrastructure Fund IV, L.P.",,10852139,No,No,No,No
Equities,MAHINDRA &MAHINDRA GDR-REP 1 ORD INR10 REG S,506033,6510765,No,No,No,No
Equities,MAN GROUP PLC ORD USD0.03428571428,3300000,6718800,No,No,No,No
Equities,MANITOBA TELECOM S COM NPV,426300,5441783,No,No,No,No
Equities,MARKEL CORP HOLDING CO COM,4019,2082489,No,No,No,No
Equities,MARSH & MCLENNAN CO'S INC COM,126300,4772090,No,No,No,No
Equities,MARTIN MARIETTA MATLS INC COM,12684,1194150,No,No,No,No
Equities,MASTERCARD INC CL A,140420,8174534,No,No,No,No
Equities,MAXIM INTEGRATED PRODS INC COM,105400,2471522,No,No,No,No
Equities,MC CORMICK & CO INC COM NON-VTG,109800,5704127,No,No,No,No
Equities,MC DONALDS CORP COM,93727,6154603,No,No,No,No
Equities,MCGRAW HILL FINANCIAL INC,27666,1927022,No,No,No,No
Equities,MCKESSON CORP,36300,5532418,No,No,No,No
Equities,MEDIATEK INC TWD10,259000,2358600,No,No,No,No
Equities,MEDNAX INC COM,10631,519268,No,No,No,No
Equities,MEDTRONIC PLC COMMON STOCK STOCK,66380,3487353,No,No,No,No
UNLISTED INVESTMENTS,MEIF (Macquarie European Infrastructure Fund),,32544341,No,No,No,No
UNLISTED INVESTMENTS,MEIF2 (Macquarie European Infrastructure Fund II),,17190011,No,No,No,No
Equities,MELROSE INDUSTRIES PLC ORD GBP0,1417345,3931715,No,No,No,No
Equities,MERCK & CO INC NEW COM,578040,22385665,No,No,No,No
Equities,METRO INC COM NPV,608300,11104007,No,No,No,No
Equities,MICHELIN (CGDE) EUR2,49029,3284642,No,No,No,No
Equities,MICRO FOCUS INTERNATIONAL PLC ORD GBP0.10,377578,4451645,No,No,No,No
Equities,MICROSOFT CORP COM,155391,4255065,No,No,No,No
Equities,MLP ENERGY TRANSFER PARTNERS L P UNIT LTD PARTNERSHIP INT,111600,4191108,No,No,No,No
Equities,MLP ENTERPRISE PRODS PARTNERS L P COM UNIT,191000,4236868,No,No,No,No
Equities,MLP ONEOK PARTNERS L P UNIT LTD PARTNERSHIP,111900,3082244,No,No,No,No
Equities,MLP SUNOCO LOGISTICS PARTNERS L P COM UNITS,171400,4773106,No,No,No,No
Equities,MOLSON COORS BREWING CO CL B CL B,113300,5682172,No,No,No,No
Equities,MONDELEZ INTL INC COM,176900,4299462,No,No,No,No
Equities,MONEYSUPERMARKET.C ORD GBP0.0002,783755,2104382,No,No,No,No
Equities,MONITISE PLC ORD GBP0.01,2878505,367009,No,No,No,No
Equities,MONSANTO CO NEW COM,14217,1077983,No,No,No,No
Equities,MOODYS CORP COM,27700,1936108,No,No,No,No
Equities,MPF EMERGING MARKETS EQTY INDEX,1691937,6898196,No,No,No,No
Equities,MPF UK INDEX LINKED GILTS OVER 15 YRS 80244,22879534,51309643,No,No,No,No
Equities,"MS&AD INSURANCE GROUP HOLDINGS, INC. NPV",83200,1574937,No,No,No,No
Equities,MSC INDL DIRECT INC CL A COM,72906,3544867,No,No,No,No
Equities,MTR CORP HKD1,1545500,4941560,No,No,No,No
Equities,MUENCHENER RUECKVE NPV(REGD),17423,2533629,No,No,No,No
Equities,MYRIAD GENETICS INC COM,50473,1203260,No,No,No,No
Equities,NABORS INDUSTRIES COM USD0.10,161200,1483322,No,No,No,No
Equities,NASPERS 'N' ZAR0.02,98462,10236197,No,No,No,No
Equities,NATIONAL GRID ORD GBP0.113953,583714,5047375,No,No,No,No
Equities,NATIONAL OILWELL VARCO COM STK,101300,3408511,No,Yes,No,No
Equities,NATL BK OF CANADA COM NPV,209774,5155873,No,No,No,No
Equities,NESTLE SA CHF0.10(REGD),425956,21668621,No,No,No,No
Equities,NEXT ORD GBP0.10,73100,5135275,No,No,No,No
Equities,NEXTERA ENERGY INC COM,70800,4962439,No,No,No,No
UNLISTED INVESTMENTS,NIBC Infrastructure Partners I BV,,8444124,No,No,No,No
Equities,NIPPON TELEGRAPH & TELEPHONE CORP NPV,202200,8400171,No,No,No,No
Equities,NISOURCE INC COM,189800,5643497,No,No,No,No
Equities,NORTHROP GRUMMAN CORP COM,48400,5250805,No,No,Yes,No
Equities,NOVARTIS AG CHF0.50 (REGD),485284,32360236,No,No,No,No
Equities,NOVO-NORDISK AS DKK0.2 SER'B',73200,2637025,No,No,No,No
Equities,NOW INC COM,50338,732775,No,No,No,No
Equities,NTT DOCOMO NPV,1538800,18026128,No,No,No,No
UNLISTED INVESTMENTS,NZ One Investors Co. Ltd,,3630648,No,No,No,No
Equities,OGE ENERGY CORP COM,241304,5138174,No,No,No,No
Equities,OLYMPUS CORP NPV,38700,969518,No,No,No,No
Equities,OMNICOM GROUP INC COM,106900,5613240,No,No,No,No
Equities,OMV AG NPV,62337,1152739,No,Yes,No,No
Equities,OPTIMAL PAYMENTS ORD GBP0.0001,1064685,5621537,No,No,No,No
Equities,ORACLE CORP COM,358446,10421374,No,No,No,No
Equities,ORBITAL ATK INC COM,46800,2414558,No,No,No,No
Equities,OSAKA GAS CO LTD NPV,2331000,6580742,No,Yes,No,No
Equities,OVERSEA-CHINESE BANKING CORPORATION SGD0.5,943155,4877217,No,No,No,No
UNLISTED INVESTMENTS,Pantheon Asia Fund IV Ltd.,,16167060,No,No,No,No
Equities,PANTHEON INTL PART ORD GBP0.67,180000,2428200,No,No,No,No
Equities,PANTHEON INTL PART RED SHS GBP0.01,180000,2268000,No,No,No,No
Equities,PARAGON GRP OF COS ORD GBP1,676397,2853043,No,No,No,No
UNLISTED INVESTMENTS,Partners Group Secondary 2008 SCA SICAR,,10852139,No,No,No,No
Equities,PEARSON ORD GBP0.25,272746,3954817,No,No,No,No
Equities,PEPCO HLDGS INC COM,238000,4301475,No,No,No,No
Equities,PEPSICO INC COM,244631,15758883,No,No,No,No
Equities,PERSIMMON ORD GBP0.10,589006,9795170,No,No,No,No
Equities,PERSIMMON ORD GBP0.10(INT CREST ENTITLEMENTS 2015),589006,0,No,No,No,No
Equities,PERUSAHAAN GAS COMSTK,3998400,987763,No,Yes,No,No
Equities,PETRA DIAMONDS ORD GBP0.10,1205647,2197894,No,No,No,No
Equities,PETROFAC ORD USD0.02,565552,5389711,No,Yes,No,No
Equities,PETROL BRASILEIROS PRF NPV,225129,461683,No,Yes,No,No
Equities,PFIZER INC COM,1177482,27602811,No,No,No,No
UNLISTED INVESTMENTS,PG Global Real Estate 2008,,13605594,No,No,No,No
Equities,PG& E CORP COM,251331,8983242,No,No,No,No
UNLISTED INVESTMENTS,PineBridge PEP IV Co-Investment,,6601549,No,No,No,No
UNLISTED INVESTMENTS,PineBridge PEP IV Non-US Buyout,,5509934,No,No,No,No
UNLISTED INVESTMENTS,PineBridge PEP IV Secondary,,4752814,No,No,No,No
UNLISTED INVESTMENTS,PineBridge PEP IV US Buyout,,21308709,No,No,No,No
UNLISTED INVESTMENTS,PineBridge PEP IV US Venture,,11855844,No,No,No,No
UNLISTED INVESTMENTS,Pinebridge PEP V Asia,,12026643,No,No,No,No
UNLISTED INVESTMENTS,PineBridge PEP V US Small-Mid Buyouts,,13472550,No,No,No,No
UNLISTED INVESTMENTS,PineBridge PEP V US Venture,,20208825,No,No,No,No
Equities,PING AN INSURANCE GROUP 'H' CNY1,814500,6606214,No,No,No,No
Equities,PINNACLE W. CAP CORP COM,113100,4856938,No,No,No,No
Equities,PLAINS ALL AMERN PIPELN UNIT LTD PARTNERSHIP INT,117100,3848642,No,No,No,No
Equities,PLAYTECH PLC ORD NPV,1085087,8441977,No,No,No,No
Equities,POLYMETAL INTL PLC SHS,375000,2160000,No,No,No,No
Equities,POLYPIPE GROUP PLC ORD GBP0.001,538710,1480106,No,No,No,No
Equities,POWER ASSETS HLDGS NPV,853500,5854676,No,No,No,No
Equities,POWER FINL CORP COM NPV,227000,4515565,No,No,No,No
Equities,POWSZECHNA KASA OS PLN1,456108,2747921,No,No,No,No
Equities,PPL CORP COM ISIN US69351T1060,271393,6151818,No,No,No,No
Equities,PRAXAIR INC COM,57995,4717734,No,No,No,No
Equities,PROCTER & GAMBLE COM NPV,191676,10582529,No,No,No,No
Equities,PROGRESSIVE CORP OH COM,214900,3936094,No,No,No,No
Equities,PROSEGUR SEGURIDAD EUR0.06,978093,3750422,No,No,No,No
Equities,PROVIDENT FINANCIAL GROUP,195463,5261864,No,No,No,No
Equities,PRUDENTIAL GBP0.05,588586,9841158,No,No,No,No
Equities,PT MEDIA NUSANTARA IDR100,4260000,624410,No,No,No,No
Equities,PTT PUBLIC COMPANY THB10(ALIEN MKT),242800,1623504,Yes,Yes,No,No
Equities,PUB SERVICE ENTERPRISE GROUP INC COM,259950,7337087,No,No,No,No
Equities,PUB STORAGE COM,35000,4648905,No,No,No,No
Equities,QATAR NATIONAL BK QAR10,53890,1915159,No,No,No,No
Equities,QIAGEN N V COM,38600,655251,No,No,No,No
Equities,QUALCOMM INC COM,23200,1083500,No,No,No,No
Equities,QUEST DIAGNOSTICS INC COM,60000,3105692,No,No,No,No
Equities,QUINDELL PLC ORD GBP0.15,792472,1069837,No,No,No,No
Equities,RATHBONE BROTHERS ORD GBP0.05,75619,1568338,No,No,No,No
Equities,RAYTHEON CO USD0.01,143900,10591118,No,No,Yes,No
Equities,RECKITT BENCK GRP ORD GBP0.10,257406,14926974,No,No,No,No
Equities,REDROW ORD GBP0.10,154639,555773,No,No,No,No
Equities,REED ELSEVIER GBP0.1444,397000,4601230,No,No,No,No
Equities,REINSURANCE GROUP AMER INC COM NEW STK,92400,5799819,No,No,No,No
Equities,RENAULT SA EUR3.81,51649,3166837,No,No,No,No
Equities,RENISHAW ORD GBP0.20,71504,1746128,No,No,No,No
Equities,REPUBLIC SVCS INC COM,170000,4644796,No,No,No,No
Equities,RESTORE GBP GBP0.05,115892,278141,No,No,No,No
Equities,REYNOLDS AMERICAN INC COM,556488,25831989,No,No,No,No
Equities,RHEINMETALL AG NPV,72042,2350902,No,No,No,No
Equities,RICHEMONT(CIE FIN) CHF1 (REGD),134668,7312950,No,No,No,No
Equities,RIGHTMOVE ORD GBP0.01,215348,6453980,No,No,No,No
UNLISTED INVESTMENTS,"RII World Timberfund LLC, Inc",,13765106,No,No,No,No
Equities,RIO TINTO ORD GBP0.10,107279,2973774,Yes,No,No,No
Equities,RIOCAN REAL ESTATE TRUST UNITS NPV,59367,914762,No,No,No,No
Equities,RITCHIE BROS AUCTIONEERS INC COM,36132,607027,No,No,No,No
Equities,ROCHE HLDGS AG GENUSSCHEINE NPV,161381,30006521,No,No,No,No
Equities,ROCKWELL COLLINS INC COM,91700,5962816,No,No,No,No
Equities,ROGERS COMMS INC CLASS'B'COM CAD1.62478,172000,3878903,No,No,No,No
Equities,ROHM CO LTD NPV,18400,849571,No,No,No,No
Equities,ROLLS ROYCE HLDGS ORD GBP0.20,134500,1281113,No,No,Yes,No
Equities,ROYAL BK OF CANADA COM NPV,138300,5607415,No,No,No,No
Equities,ROYAL CARIBBEAN CRUISES COM STK,80572,4442451,No,No,No,No
Equities,ROYAL DUTCH SHELL 'A'SHS EUR0.07,565210,11380127,No,Yes,No,No
Equities,ROYAL DUTCH SHELL 'B'ORD EUR0.07,418544,8785239,No,Yes,No,No
UNLISTED INVESTMENTS,RREEF (Pan-European Infrastructure Fund),,25761657,No,No,No,No
Equities,RYANAIR LTD ORD EUR0.00635,299435,2412220,No,No,No,No
Equities,RYDER SYS INC COM,57400,3670197,No,No,No,No
Equities,SABMILLER PLC ORD USD0.10,208737,7385565,No,No,No,No
Equities,SAFRAN SA EUR0.20,52800,2482969,No,No,Yes,No
Equities,SAGE GROUP GBP0.01051948,753425,3516234,No,No,No,No
Equities,SAINSBURY(J) ORD GBP0.28571428,4917433,12731234,No,No,No,No
Equities,SAMSUNG ELECTRONIC GDR,4450,1928983,No,No,No,No
Equities,SAMSUNG ELECTRONIC KRW5000,14816,12954049,No,No,No,No
Equities,SANDS CHINA LTD USD0.01,379500,1060083,No,No,No,No
Equities,SANOFI EUR2,361008,24010332,No,No,No,No
Equities,SAP SE,111923,5464908,No,No,No,No
Equities,SAPUTO INC COM NPV,262000,4849480,No,No,No,No
Equities,SBERBANK OF RUSSIA SPON ADR,682827,2014673,No,No,No,No
Equities,SCANA CORP NEW COM,177890,6589539,No,No,No,No
Equities,SCHIBSTED ASA NOK1,32192,1256065,No,No,No,No
Equities,SCHINDLER-HLDG AG CHF0.10 (PTG CERT),56020,6286198,No,No,No,No
Equities,SCHNEIDER ELECTRIC EUR4.00,322016,16843791,No,No,No,No
Real Estate,SCHRODER UNIT TST UK REAL ESTATE SREF I INC,407151,15512456,No,No,No,No
UNLISTED INVESTMENTS,Scottish Equity Partnership II,,8850000,No,No,No,No
UNLISTED INVESTMENTS,Scottish Equity Partnership III,,8000000,No,No,No,No
UNLISTED INVESTMENTS,Scottish Equity Partnership IV,,10000000,No,No,No,No
Equities,SEATTLE GENETICS INC COM,26800,638001,No,No,No,No
Equities,SECOM CO NPV,97200,4381486,No,No,No,No
Equities,SEMPRA ENERGY INC COM STK,67900,4985127,No,Yes,No,No
Equities,SENSATA TECHNOLOGIES HLDG NV,111000,4295689,No,No,No,No
Equities,SGS SA CHF1 (REGD),2657,3427448,No,No,No,No
Equities,SHANDONG WEIGAO GP 'H'CNY0.1,460000,272577,No,No,No,No
Equities,SHAW COMMUNICATION 'B'CNV NPV,1568018,23693919,No,No,No,No
Equities,SHIRE PLC ORD GBP0.05,70000,3752000,No,No,No,No
Equities,SIAM CEMENT PCL-NVDR,460000,4875622,No,No,No,No
Equities,SIEMENS AG NPV(REGD),216720,15804604,No,No,No,No
UNLISTED INVESTMENTS,Silver Lake Partners III,,13472578,No,No,No,No
Equities,SINGAPORE AIRLINES NPV,721000,4227662,No,No,No,No
Equities,SINGAPORE TECHNOLOGIES ENGINEERING,5144100,8765961,No,No,No,No
Equities,SINGAPORE TELECOMMUNICATIONS NEW COM STK,5160700,11075178,No,No,No,No
Equities,SIRONA DENTAL SYS INC COM STK,77667,4706060,No,No,No,No
Equities,SK HYNIX INC,20010,553411,No,No,No,No
Equities,SMC CORP NPV,6000,1207895,No,No,No,No
Equities,SMITH & NEPHEW ORD USD0.20,451673,5167139,No,No,No,No
Equities,SMITHS GROUP ORD GBP0.375,203900,2279602,No,No,No,No
Equities,SMUCKER J M CO COM NEW COM NEW,130300,10152779,No,No,No,No
Equities,SNAM NPV,2589543,8464347,No,No,No,No
Equities,SODEXHO EUR4,59744,3923383,No,No,No,No
Equities,SOUTHERN CO COM STK,174030,5189834,No,Yes,No,No
Equities,SPARK INFR GROUP NPV,4880900,4960800,No,No,No,No
Fixed Income,SPECIALIST INVESTM M&G EUROPEAN LOAN C DIS GBP,158259,13881236,No,No,No,No
Equities,SPECTRA ENERGY CORP COM STK,178500,4347969,No,Yes,No,No
Equities,SPECTRIS ORD GBP0.05,89796,1938696,No,No,No,No
Equities,SSE PLC ORD GBP0.50,1267962,18994071,No,No,No,No
Equities,SSGA MPF EQUITY INDEX,4649871,18398145,No,No,No,No
Equities,SSGA MPF EUROPE (EX-UK) EQUITY,3699605,17160617,No,No,No,No
Equities,SSGA MPF JAPAN EQUITY INDEX,7977381,10527750,No,No,No,No
Equities,SSGA MPF NORTH AMER EQUITY INDEX FUND,5037607,27568808,No,No,No,No
Equities,SSGA MPF PAC BASIN EX-JAPAN INDEX,1854984,7088450,No,No,No,No
Fixed Income,SSGA MPF UK CONVENTIONAL GILTS OVER 15Y INDX,8238468,42723872,No,No,No,No
UNLISTED INVESTMENTS,Stafford Elm Inc,,33681375,No,No,No,No
Equities,STANDARD CHARTERED PLC SHS,57163,624792,No,No,No,No
Equities,STANDARD LIFE EURO ORD GBP0.002,2320000,5121400,No,No,No,No
Real Estate (direct),Standard Life Property,,416894949,No,No,No,No
Equities,STATOIL ASA,914968,10913477,No,Yes,No,No
Equities,STRYKER CORP,72144,4483668,No,No,No,No
Equities,STV GROUP ORD GBP0.50,25000,92500,No,No,No,No
Equities,SVENSKA CELLULOSA SER'B'NPV,1220279,18920308,No,No,No,No
Equities,SVENSKA HANDELSBKN SER'A'SEK4.30,46800,1423111,No,No,No,No
Equities,SVG CAPITAL ORD GBP1,513904,2595215,No,No,No,No
Equities,SWEDBANK AG SEK20 SER'A',127500,2051568,No,No,No,No
Equities,SWEDISH MATCH NPV,101219,2004235,No,No,No,No
Equities,SWISS RE AG CHF0.10,51216,3342425,No,No,No,No
Equities,SWISSCOM AG CHF1(REGD),26574,10403688,No,No,No,No
Equities,SYSCO CORP COM,177800,4517761,No,No,No,No
Equities,TAIWAN MOBILE CO TWD10,1147000,2703907,No,No,No,No
Equities,TAIWAN SEMICON MAN TWD10,3050000,9520990,No,No,No,No
Equities,TAIWAN SEMICONDUCTOR MFG CO LTD SPONSORED ADR,167300,2646146,No,No,No,No
Equities,TAKEDA PHARMACEUTICAL CO NPV,123500,4160864,No,No,No,No
Equities,TARGET CORP COM STK,106000,5858026,No,No,No,No
Equities,TATE & LYLE ORD GBP0.25,73291,437914,No,No,No,No
Equities,TAYLOR WIMPEY ORD GBP0.01,3550000,5498950,No,No,No,No
Equities,TD AMERITRADE HLDG CORP COM STK,93835,2355198,No,No,No,No
Equities,TE CONNECTIVITY LTD,183200,8839755,No,No,No,No
Equities,TECO ENERGY INC COM,352300,4601615,No,No,No,No
Equities,TELECITY GROUP ORD GBP0.002,314510,2751963,No,No,No,No
Equities,TELENOR ASA ORD NOK6,1329176,18087151,No,No,No,No
Equities,TELFORD HOMES ORD GBP0.10,57852,229528,No,No,No,No
Equities,TELIASONERA AB NPV,4608578,19690775,No,No,No,No
Equities,TELIT SHS,205492,439239,No,No,No,No
Equities,TELSTRA CORP LTD NPV,2918590,9462336,No,No,No,No
Equities,TELUS CORPORATION COM NPV(NON CANADIAN),406800,9102655,No,No,No,No
Equities,TENAGA NASIONL BHD MYR1,1123800,2931201,No,No,No,No
Equities,TENCENT HLDGS LIMITED COMMON STOCK,413200,5288229,No,No,No,No
Equities,TENET HEALTHCARE CORP COM NEW .,130575,4354846,No,No,No,No
Equities,TERADATA CORP DEL COM STK,50178,1491650,No,No,No,No
Equities,TERADYNE INC COM,78668,998387,No,No,No,No
Equities,TERNA SPA ORD EUR0.22,2027516,6011188,No,No,No,No
Equities,TESCO ORD GBP0.05,3851837,9315668,No,No,No,No
Equities,TESLA MTRS INC COM,6265,796662,No,No,No,No
Equities,THAI BEVERAGE PLC THB1,5100000,1903463,No,No,No,No
Equities,THERMO FISHER CORP,12246,1107956,No,No,No,No
Equities,THK CO LTD NPV,65800,1130986,No,No,No,No
Equities,THOMSON-REUTERS CP COM NPV,161100,4397408,No,No,No,No
Equities,TOBU RAILWAY CO Y50,1229000,3928025,No,No,No,No
Equities,TOKYO ELECTRON NPV,22800,1073220,No,No,No,No
Equities,TOKYO GAS CO LTD NPV,357000,1516204,No,Yes,No,No
Equities,TONEN GEN SEKIYU NPV,621000,3613778,No,No,No,No
Equities,TORONTO-DOMINION COM NPV,134000,3863659,No,No,No,No
Equities,TOTAL EUR2.5,470357,15747011,No,Yes,No,No
Equities,TOTAL SYS SVCS INC COM,66987,1721491,No,Yes,No,No
Equities,TOYOTA MOTOR CORP NPV,117600,5536879,No,No,No,No
Equities,TRANSCANADA CORP COM NPV,135800,3906892,No,No,No,No
Equities,TRAVELERS COS INC COM STK,66100,4814680,No,No,No,No
Equities,TRAVIS PERKINS ORD GBP0.10,163028,3177416,No,No,No,No
Equities,TRIPADVISOR INC COM COM STK,14690,823016,No,No,No,No
Equities,TSINGTAO BREWERY 'H'CNY1,118000,531079,No,No,No,No
Equities,TULLOW OIL ORD GBP0.10,33506,94855,No,Yes,No,No
Equities,TUPPERWARE BRANDS CORPORATION,15272,710053,No,No,No,No
Equities,TUPRAS(T PETR RAF) TRY1,127661,2041845,No,No,No,No
Equities,TURK TELEKOMUNIKAS TRY1,886423,1584498,No,No,No,No
Equities,TWITTER INC COM,11465,386775,No,No,No,No
Equities,UGI CORP NEW COM,208048,4564583,No,No,No,No
Fixed Income,UK(GOVT OF) 0.125% I/L GILT 22/3/68 GBP,8617325,15018274,No,No,No,No
Fixed Income,UK(GOVT OF) 0.125% IDX LKD GIL 3/44 GBP,15094991,21096954,No,No,No,No
Fixed Income,UK(GOVT OF) 0.125% IDX/LKD 03/2058 GBP,7087838,10796905,No,No,No,No
Fixed Income,UK(GOVT OF) 0.25% IDX LKD GILT 22/3/52,11309203,17832535,No,No,No,No
Fixed Income,UK(GOVT OF) 0.375% IDX-LKD GILT 22/3/62,11158462,21145463,No,No,No,No
Fixed Income,UK(GOVT OF) 0.5% IDX/LKD 22/3/50 GBP,11670975,21911507,No,No,No,No
Fixed Income,UK(GOVT OF) 0.625% IDX/LKD 22/03/40 GBP,12341228,20691456,No,No,No,No
Fixed Income,UK(GOVT OF) 0.625% IDX/LKD 22/11/42 GBP,11445389,20384258,No,No,No,No
Fixed Income,UK(GOVT OF) 0.75% I/L STK 22/11/2047,10473824,20900073,No,No,No,No
Fixed Income,UK(GOVT OF) 0.75% IDX-LKD 22/3/34 GBP,11498783,16897761,No,No,No,No
Fixed Income,UK(GOVT OF) 1.125% I/L STK 22/11/37 GBP,24836216,47281482,No,No,No,No
Fixed Income,UK(GOVT OF) 1.25% IDX-LKD 22/11/27 GBP,32902680,56282956,No,No,No,No
Fixed Income,UK(GOVT OF) 1.25% IDX-LKD GILT 2055 GBP,9004278,24691107,No,No,No,No
Fixed Income,UK(GOVT OF) 1.875% I/L STK 22/11/22 GBP,5274000,8118912,No,No,No,No
Fixed Income,UK(GOVT OF) 2.5% I/L GILT 17/07/24 GBP,27600,95605,No,No,No,No
Fixed Income,UK(GOVT OF) 2% I/L STK 26/01/35 GBP0.01,8388874,19839687,No,No,No,No
Fixed Income,UK(GOVT OF) 4.125% I/L STK 22/07/30 GBP,4413122,15088905,No,No,No,No
Fixed Income,UK(GOVT OF)1.25% I/L STK 22/11/2032,31237612,52079427,No,No,No,No
Equities,ULTRA PETE CORP COM NPV,88015,926692,No,Yes,No,No
Equities,UNILEVER NV CVA EUR0.16,814595,22934161,No,No,No,No
Equities,UNILEVER PLC ORD GBP0.031111,330023,9286847,No,No,No,No
Equities,UNION PAC CORP COM,103358,7536883,No,No,No,No
Equities,UNITED PARCEL SVC INC CL B,58600,3825481,No,No,No,No
Equities,UNITED TECHNOLOGIES CORP COM,172089,13602508,No,No,Yes,No
Equities,UNITED UTILITIES GROUP ORD GBP0.05,558332,5206446,No,No,No,No
Equities,UNITEDHEALTH GROUP INC COM,53440,4260081,No,No,No,No
Equities,UTD O/S BANK NPV,360000,4064453,No,No,No,No
Fixed Income,UTD STATES TREAS 1.25% DUE 10-31-2019,102130000,68625581,No,No,No,No
Fixed Income,UTD STATES TREAS 1% DUE 11-30-2019,86000000,57053947,No,No,No,No
Equities,VERIZON COMMUNICATIONS COM,1052071,34464273,No,No,No,No
Equities,VESUVIUS PLC ORD GBP0.10,270436,1327300,No,No,No,No
Equities,VIACOM INC NEW CL B,119500,5498046,No,No,No,No
Equities,VICTREX ORD GBP0.01,162901,3054394,No,No,No,No
Equities,VINCI EUR2.50,599268,23078184,No,No,No,No
Equities,VISA INC COM CL A STK,32388,1428606,No,No,No,No
Equities,VISTA OUTDOOR INC COM,93600,2696714,No,No,No,No
Equities,VODAFONE GROUP ORD USD0.2095238,4577395,10088579,No,No,No,No
Equities,VOLVO AB SER'B'NPV,91737,747373,No,No,No,No
Equities,WAL-MART STORES INC COM,238310,13203771,No,No,No,No
Equities,WASTE MGMT INC DEL COM STK,838817,30642672,No,No,No,No
Equities,WATERS CORP COM,16886,1413669,No,No,No,No
Equities,WEIR GROUP ORD GBP0.125,72006,1224102,No,No,No,No
Equities,WESFARMERS LTD NPV,0,0,Yes,No,No,No
Equities,WEST JAPAN RAILWAY NPV,137100,4853175,No,No,No,No
Equities,WESTAR ENERGY INC COM,31755,828475,No,No,No,No
Equities,WILLIS GROUP HOLDINGS COM USD0.000115 (NEW),254000,8243665,No,No,No,No
Equities,WIS ENERGY COM,144000,4801617,No,No,No,No
Equities,WM MORRISON SUPERMARKETS ORD GBP0.10,1966309,3802842,No,No,No,No
Equities,WOLSELEY ORD GBP0.108030303,39875,1591810,No,No,No,No
Equities,WOLTERS KLUWER EUR0.12,346906,7615932,No,No,No,No
Equities,WOOD GROUP (JOHN) ORD GBP0.0428571,220000,1397000,No,No,No,No
Equities,WOOLWORTHS HLDGS NPV,198527,950330,No,No,No,No
Equities,WOOLWORTHS LTD NPV,581815,8826675,No,No,No,No
Equities,WPP PLC ORD GBP0.10,90795,1390071,No,No,No,No
Equities,XCEL ENERGY INC COM,294297,6896997,No,No,No,No
Equities,XEROX CORP COM,466200,4041761,No,No,No,No
Equities,XILINX INC COM,34651,986894,No,No,No,No
Equities,YAHOO JAPAN CORP NPV,783500,2178484,No,No,No,No
Equities,YARA INTERNATIONAL NOK1.7,70107,2402584,No,No,No,No
Equities,YUM BRANDS INC COM,57137,3029858,No,No,No,No
Equities,ZILLOW GROUP INC COM USD0.0001,8011,541046,No,No,No,No
Equities,ZIMMER HLDGS INC COM,27957,2209818,No,No,No,No
Equities,ZOOPLA PROPERTY GR ORD GBP0.001,560000,1011360,No,No,No,No
Equities,ZURICH INSURANCE GROUP AG CHF0.10,13614,3109166,No,No,No,No
